[
    {
        "ParameterKey": "EnvironmentName",
        "ParameterValue": "Udagram"
    },{
        "ParameterKey": "Public1SubnetCidrBlock",
        "ParameterValue": "10.0.10.0/24"
     },{
        "ParameterKey": "Public2SubnetCidrBlock",
        "ParameterValue": "10.0.11.0/24"
     },{
        "ParameterKey": "Private1SubnetCidrBlock",
        "ParameterValue": "10.0.12.0/24"
     },{
        "ParameterKey": "Private2SubnetCidrBlock",
        "ParameterValue": "10.0.13.0/24"
     }
]